category,title
Medicine,Medicine
Medicine,Outline of medicine
Medicine,Terminology of alternative medicine
Medicine,Anti-aging medicine
Medicine,Anti-asthmatic agent
Medicine,Breastmilk medicine
Medicine,Cancer exodus hypothesis
Medicine,Central Brain Tumor Registry of the United States
Medicine,Clinical handover
Medicine,Confocal endoscopy
Medicine,Diabetes self-management
Medicine,Dorsal pancreatic agenesis
Medicine,Drone-Enhanced Emergency Medical Services
Medicine,Isotropic bands
Medicine,LAMA2 related congenital muscular dystrophy
Medicine,List of forms of alternative medicine
Medicine,LY-2365109
Medicine,Pediatric endocrinology
Medicine,Poison exon
Medicine,RNU4-2 syndrome
Medicine,Urinary anti-infective agent
Medicine,Portal:Medicine
Medical_specialties,Medical specialty
Medical_specialties,Allergist
Medical_specialties,Arthrology
Medical_specialties,Civil surgeon
Medical_specialties,Clinical physiology
Medical_specialties,Conflict and Catastrophe Medicine
Medical_specialties,Diving Medical Examiner
Medical_specialties,Diving Medical Practitioner
Medical_specialties,Diving medicine
Medical_specialties,Environmental medicine
Medical_specialties,Exercise medicine
Medical_specialties,Mass gathering medicine
Medical_specialties,Medical entomology
Medical_specialties,List of medical specialty colleges in the United States
Medical_specialties,Medical statistics
Medical_specialties,Neurosurgical anesthesia
Medical_specialties,Occupational medicine
Medical_specialties,Oncology
Medical_specialties,Oral and maxillofacial surgery
Medical_specialties,Otorhinolaryngology
Medical_specialties,Parasitology
Medical_specialties,Phoniatrics
Medical_specialties,Plastic surgery
Medical_specialties,Psychosomatic medicine
Medical_specialties,Railway surgery
Medical_specialties,Rural health
Medical_specialties,Subspecialty
Medical_specialties,Travel medicine
Medical_specialties,Triological Society
Medical_specialties,Venereology
Health_sciences,Outline of health sciences
Health_sciences,Anthropomaximology
Health_sciences,Biomedical sciences
Health_sciences,Epidemiology
Health_sciences,Global health
Health_sciences,Health care
Health_sciences,Health crisis
Health_sciences,Health equity
Health_sciences,Health policy
Health_sciences,Health Sciences Descriptors
Health_sciences,Health system
Health_sciences,Population health
Health_sciences,Positive health
Health_sciences,Public health
Health_sciences,Publicly funded health care
Health_sciences,Right to health
Health_sciences,Universal health care
Human_anatomy,Human body
Human_anatomy,List of anatomy mnemonics
Human_anatomy,Outline of the human nervous system
Human_anatomy,Abdomen
Human_anatomy,Achilles tendon
Human_anatomy,Adductor hiatus
Human_anatomy,Alveolus
Human_anatomy,Amniotic sac
Human_anatomy,Anatomical terminology
Human_anatomy,Anatomical terms of bone
Human_anatomy,Anatomical terms of muscle
Human_anatomy,Anatomical terms of neuroanatomy
Human_anatomy,Anatomy Charts of the Arabs
Human_anatomy,Anatomy of human
Human_anatomy,Anorectal canal
Human_anatomy,Anthropometry
Human_anatomy,Aortopulmonary space
Human_anatomy,Ape hand deformity
Human_anatomy,Apollo's belt
Human_anatomy,Axial skeleton
Human_anatomy,Beclard Triangle
Human_anatomy,The body in traditional Chinese medicine
Human_anatomy,Body Worlds
Human_anatomy,Brain connectivity estimators
Human_anatomy,Bregma
Human_anatomy,Cavoatrial junction
Human_anatomy,Center for Anatomy of the Charité
Human_anatomy,Cervical artery dissection
Human_anatomy,Cervical rib
Human_anatomy,Coccygeal glomus
Human_anatomy,Compensatory growth (organ)
Human_anatomy,Composition of the human body
Human_anatomy,Corona of glans penis
Human_anatomy,Darwin's tubercle
Human_anatomy,Dental anatomy
Human_anatomy,Dermatocranium
Human_anatomy,Desjardins' point
Human_anatomy,Dorsal body cavity
Human_anatomy,Eardrum
Human_anatomy,Endocranium
Human_anatomy,Episternal ossicles
Human_anatomy,Estrogenic fat
Human_anatomy,Eustachian tube
Human_anatomy,Evelyn tables
Human_anatomy,Extensor retinaculum of the hand
Human_anatomy,Eyelid
Human_anatomy,Fascial Net Plastination Project
Human_anatomy,Fascial spaces of the head and neck
Human_anatomy,Fingerprint
Human_anatomy,Fontanelle
Human_anatomy,Foramen singulare
Human_anatomy,Foreskin
Human_anatomy,Fossa navicularis magna
Human_anatomy,Glabella
Human_anatomy,Groin
Human_anatomy,Growing teeth
Human_anatomy,Heterocrine gland
Human_anatomy,Outline of human anatomy
Human_anatomy,Human back
Human_anatomy,Human fat
Human_anatomy,Human mouth
Human_anatomy,Human nose
Human_anatomy,Human penis
Human_anatomy,Human reproductive system
Human_anatomy,Human skeleton
Human_anatomy,Human tooth
Human_anatomy,Human vestigiality
Human_anatomy,Iliac crest
Human_anatomy,Inferior frontal junction
Human_anatomy,Institute of Human Anatomy
Human_anatomy,Interdental plate
Human_anatomy,Interoception
Human_anatomy,Intrascleral plexus
Human_anatomy,Kiesselbach's plexus
Human_anatomy,Kinanthropometry
Human_anatomy,Koch's triangle
Human_anatomy,Lap
Human_anatomy,Lateral palpebral raphe
Human_anatomy,Lip
Human_anatomy,Little finger
Human_anatomy,Marginal sinus
Human_anatomy,Marionette lines
Human_anatomy,Mentum
Human_anatomy,Middle ear
Human_anatomy,Neanderthal anatomy
Human_anatomy,Neurocranium
Human_anatomy,Neuroepigenetics
Human_anatomy,Palmar aponeurosis
Human_anatomy,Pectoral muscles
Human_anatomy,Pelvic tilt
Human_anatomy,Petrous portion
Human_anatomy,Ptosis (chin)
Human_anatomy,Radiographic anatomy
Human_anatomy,Rhombus of Michaelis
Human_anatomy,Scalene muscles
Human_anatomy,Skin fold
Human_anatomy,Splanchnocranium
Human_anatomy,Stafne bone cavity
Human_anatomy,Sternal foramen
Human_anatomy,Superficial cervical fascia
Human_anatomy,Superior thoracic aperture
Human_anatomy,Surface anatomy
Human_anatomy,Table of epithelia of human organs
Human_anatomy,Terminologia Anatomica
Human_anatomy,Terry Collection
Human_anatomy,Trochanter
Human_anatomy,Tubercle
Human_anatomy,Vena comitans
Human_anatomy,Vesicouterine pouch
Human_anatomy,Viscerocranium
Human_anatomy,Visible Embryo Project
Human_anatomy,Visible Human Project
Human_anatomy,Wenis
Natural_sciences,Natural science
Natural_sciences,Wikipedia:Contents/Natural and physical sciences
Natural_sciences,Outline of natural science
Natural_sciences,Anthropocene Working Group
Natural_sciences,Imperial College Faculty of Natural Sciences
Natural_sciences,Natural Sciences Collections Association
Natural_sciences,Nature (journal)
Natural_sciences,Prodromus
Natural_sciences,Rangeland management
Natural_sciences,UPRRP College of Natural Sciences
Social_sciences,Social science
Social_sciences,Template:Social sciences
Social_sciences,Outline of social science
Social_sciences,Administrative history
Social_sciences,Animal studies
Social_sciences,The arts and politics
Social_sciences,Ascribed characteristics
Social_sciences,Bioculture
Social_sciences,Change and continuity
Social_sciences,Collective mental state
Social_sciences,Computational social science
Social_sciences,Criminology
Social_sciences,Cultural studies
Social_sciences,Data Colada
Social_sciences,Distributive justice
Social_sciences,Doctor of Social Science
Social_sciences,Efficient Voter Rule
Social_sciences,Enchantment (social sciences)
Social_sciences,Force-field analysis
Social_sciences,Geography
Social_sciences,Gulbenkian commission
Social_sciences,Health survival paradox
Social_sciences,Heortology
Social_sciences,"Humanities, arts, and social sciences"
Social_sciences,International order
Social_sciences,Jurisprudence
Social_sciences,Macro social work
Social_sciences,Methodological nationalism
Social_sciences,Mobilities
Social_sciences,Modern Studies
Social_sciences,Normativity
Social_sciences,Nudity
Social_sciences,Nutritional psychiatry
Social_sciences,Obshchestvovedeniye
Social_sciences,Occupational science
Social_sciences,Operationalization
Social_sciences,Paedology
Social_sciences,Performance science
Social_sciences,Platform capitalism
Social_sciences,Praxeology
Social_sciences,Progress
Social_sciences,Psychiatry
Social_sciences,Quantum social science
Social_sciences,Representative sequences
Social_sciences,Samhällsvetenskapsprogrammet
Social_sciences,Science and technology studies
Social_sciences,Seriousness check
Social_sciences,Social neuroscience
Social_sciences,Social services
Social_sciences,Social simulation
Social_sciences,Social studies
Social_sciences,Social work
Social_sciences,Social work management
Social_sciences,Spatial turn
Social_sciences,Standard social science model
Social_sciences,Visual anthropology
Social_sciences,Visual ethnography
Social_sciences,Vyavahāramālā
Social_sciences,War studies
Social_sciences,Youth culture
Social_sciences,Youth intervention
Social_sciences,Youth services
Social_sciences,Youth studies
Social_sciences,Zemiology
Psychology,Psychology
Psychology,Outline of psychology
Psychology,Belief congruence
Psychology,Collusion (psychology)
Psychology,Counterphobic attitude
Psychology,Emotion
Psychology,Limerence
Psychology,Masculine fragility
Psychology,Motivation
Psychology,Musical escapism
Psychology,My Dao method
Psychology,Nurture
Psychology,Open Path Collective
Psychology,Passionate and companionate love
Psychology,Perceptual vigilance
Psychology,Personality neuroscience
Psychology,Psychologist
Psychology,Resilience week
Psychology,Social buffering
Psychology,The Type Mapping System
Psychology,Three Principles Psychology
Psychology,Vicarious mediation and vicarious functioning
Psychology,Portal:Psychology
