Sentence,Label
"Chemoreceptors are specialized sensors in the body that detect changes in blood gas levels, primarily oxygen, carbon dioxide, and pH.",Definition
"These chemoreceptors are located in the carotid bodies and aortic bodies, where they constantly monitor the blood's chemical composition.",Explanation
"When blood oxygen levels drop, the chemoreceptors detect this and send signals to the respiratory centers in the brainstem to increase breathing.",Cause and Effect
"If carbon dioxide levels increase in the blood, the chemoreceptors sense this change and trigger the body to breathe faster to expel the excess CO2.",Conditional
"In contrast to oxygen sensors, the body is much more sensitive to changes in carbon dioxide levels, which have a greater impact on breathing rate.",Contrast
"Additionally, the pH of the blood, which can decrease when carbon dioxide accumulates, is another key factor that influences the chemoreceptor reflex.",Addition
Chemoreceptor reflexes can regulate breathing by both increasing the rate and depth of respiration to adjust the blood gas levels.,Explanation
"Sequentially, chemoreceptor activation leads to faster breathing, which, in turn, leads to the removal of excess CO2 and the normalization of blood pH.",Temporal Sequence
"One key feature of the chemoreceptor reflex is its ability to respond rapidly to changes in blood gases, helping maintain homeostasis.",Emphasis
"Furthermore, chemoreceptors work in coordination with other systems, such as the baroreceptor reflex, to regulate overall cardiovascular and respiratory health.",Elaboration
"For example, when blood pressure drops, baroreceptors send signals to constrict blood vessels, while chemoreceptors adjust breathing to stabilize oxygen levels.",Illustration
"Thus, these reflexes play a vital role in ensuring that the body's tissues receive adequate oxygen and are protected from the harmful effects of excess carbon dioxide.",Purpose
"In summary, chemoreceptor reflexes are essential for maintaining the balance of gases in the blood, which is critical for normal body function.",Summary
"The chemoreceptors have a direct connection to the brainstem, specifically to areas like the medulla and pons, which control the rate of breathing.",Clarification
"When oxygen levels in the blood become too low, the chemoreceptor reflex causes the rate of breathing to increase in an effort to raise oxygen levels.",Cause and Effect
"Similarly, when CO2 levels rise, the reflex action is to increase ventilation, leading to the expulsion of carbon dioxide from the body.",Cause and Effect
This is particularly important in situations such as physical exertion or in individuals with respiratory conditions like asthma or COPD.,Explanation
"Chemoreceptors also help to regulate the pH of the blood, as an increase in CO2 lowers pH, and the reflex action helps correct this imbalance.",Cause and Effect
"In contrast to voluntary control over breathing, which is under conscious control, the chemoreceptor reflex is an automatic process that operates without conscious thought.",Contrast
"Despite its automatic nature, the chemoreceptor reflex can be influenced by factors such as anxiety, sleep, and certain medical conditions.",Concession
"During exercise, for instance, the demand for oxygen increases, and the chemoreceptor reflex becomes more active, adjusting breathing rates accordingly.",Elaboration
"Chemoreceptor sensitivity can vary based on age, fitness level, and underlying health conditions, making it a dynamic system.",Generalization
"An increased sensitivity to CO2, for example, may prompt faster breathing in response to even small changes in blood gas composition.",Inference
"The primary role of the chemoreceptor reflex is to maintain optimal levels of oxygen and carbon dioxide in the blood, which are crucial for cellular function.",Purpose
"In the case of hypoventilation, when breathing is too shallow, the chemoreceptor reflex stimulates increased respiratory effort to correct low oxygen or high CO2 levels.",Problem Solution
"Chemoreceptor reflexes can also be suppressed or altered in certain pathological states, such as in individuals with severe lung disease.",Contrastive Emphasis
"Under normal circumstances, however, the chemoreceptor reflex ensures that breathing rates are well-matched to the body's metabolic needs.",Explanation
"Chemoreceptors thus play a fundamental role in maintaining the body's homeostasis, ensuring that blood gases remain within the optimal range.",Summary
"Without the chemoreceptor reflex, even small changes in blood gases could result in significant physiological disturbances, affecting health and survival.",Illustration
"Therefore, this reflex mechanism is crucial for life, and any impairment could lead to respiratory failure or other severe health issues.",Cause and Effect
