Topic,Prompt
Baroreceptor_Reflex,"Explain the baroreceptor reflex and its role in short-term regulation of blood pressure."
Chemoreceptor_Reflex,"Discuss the chemoreceptor reflex and its role in detecting blood gas levels and regulating breathing."
Peripheral_Circulation,"Describe the regulation of peripheral circulation and its role in thermoregulation and oxygen delivery."
Ischemia_Reperfusion,"Explain the physiological effects of ischemia and the consequences of reperfusion injury."
Heart_Failure,"Discuss the physiological changes that occur in heart failure, focusing on compensation mechanisms."
Pulmonary_Hypertension,"Describe the pathophysiology of pulmonary hypertension and its impact on cardiac function."
Lung_Volumes,"Explain the various lung volumes and capacities, including their measurement and significance in respiratory function."
Altitude_Hypoxia,"Discuss the physiological challenges of altitude-induced hypoxia and the body's adaptations."
Anaerobic_Threshold,"Explain the concept of anaerobic threshold and its significance during exercise."
Blood_Buffers,"Describe the role of blood buffers in maintaining acid-base balance during metabolic changes."
Electrolyte_Shifts,"Discuss the physiological effects of electrolyte shifts during intense physical activity or illness."
RAAS_System,"Explain the renin-angiotensin-aldosterone system and its role in blood pressure and fluid balance regulation."
Hypovolemia,"Describe the physiological responses to hypovolemia and mechanisms of fluid restoration."
Hyperkalemia,"Discuss the causes and physiological consequences of hyperkalemia and its effects on cardiac function."
Endocrine_Pancreas,"Explain the physiological roles of endocrine pancreas cells (alpha, beta, delta) in glucose homeostasis."
Adrenal_Cortex,"Describe the functions of the adrenal cortex hormones (cortisol, aldosterone, and androgens)."
Thyroid_Dysfunction,"Discuss the physiological consequences of hyperthyroidism and hypothyroidism."
Menopause_Hormones,"Explain the hormonal changes during menopause and their physiological effects."
Fertilization,"Describe the process of fertilization and early embryonic development, including hormonal support."
Bone_Mineralization,"Discuss the factors influencing bone mineralization and the role of calcium and phosphate."
Lymphatic_Flow,"Explain the mechanisms of lymphatic flow and its role in fluid balance and immune function."
Sickle_Cell,"Discuss the physiological effects of sickle cell disease on oxygen transport and circulation."
Liver_Detoxification,"Describe the role of the liver in detoxification and metabolism of drugs and toxins."
Gut_Hormones,"Explain the functions of gut hormones like ghrelin, leptin, and cholecystokinin in appetite regulation."
Intestinal_Microbiome,"Discuss the physiological impact of the intestinal microbiome on digestion and immunity."
Immune_Activation,"Describe the activation of the immune response, focusing on antigen recognition and cytokine release."
Sepsis_Pathophysiology,"Explain the physiological changes that occur during sepsis and its systemic effects."
Shock_Compensation,"Discuss the body's compensatory mechanisms during different types of shock."
Neural_Plasticity,"Describe the concept of neural plasticity and its role in learning and recovery from injury."
Aging_Cardiovascular,"Explain the physiological changes in the cardiovascular system with aging and their clinical implications."
Frank_Starling_Law,"Explain the Frank-Starling Law of the heart and how it relates to ventricular filling and cardiac output."
Vascular_Compliance,"Describe the differences in vascular compliance between arteries and veins and their functional significance."
Microcirculation,"Explain the role of arterioles, capillaries, and venules in microcirculation and nutrient exchange."
BP_Regulation,"Discuss how local autoregulation and systemic mechanisms regulate blood pressure."
Atherosclerosis,"Describe the pathophysiology of atherosclerosis and its impact on systemic circulation."
Ventilation_Perfusion,"Explain the significance of the ventilation-perfusion ratio in efficient gas exchange."
Dead_Space,"Describe physiological and anatomical dead space and their effects on respiratory efficiency."
Hypoxic_Response,"Discuss the body's adaptive mechanisms during hypoxic ventilatory responses."
Respiratory_Acid_Base,"Explain the compensation mechanisms during respiratory acidosis or alkalosis."
Pulmonary_Edema,"Describe the mechanisms and consequences of pulmonary edema on gas exchange."
GFR_Regulation,"Discuss the factors influencing glomerular filtration rate and its clinical significance."
Diuretic_Effects,"Explain how different types of diuretics affect nephron segments and urine formation."
Renal_Compensation,"Describe renal compensation mechanisms in acid-base imbalances like acidosis and alkalosis."
ADH_Urine_Concentration,"Explain the role of ADH and aquaporins in concentrating urine."
Proteinuria,"Discuss the causes and physiological implications of proteinuria."
HPA_Axis,"Describe the hypothalamic-pituitary-adrenal axis and its role in the stress response."
Calcium_Homeostasis,"Explain the roles of PTH, calcitonin, and vitamin D in calcium regulation."
Metabolic_Rate,"Discuss how thyroid hormones regulate metabolic rate and thermogenesis."
Insulin_Resistance,"Describe the pathophysiology of insulin resistance in type 2 diabetes."
Circadian_Rhythms,"Explain the role of circadian hormonal rhythms, with examples like cortisol secretion."
GI_Reflexes,"Describe gastrointestinal reflexes and the roles of the enteric and autonomic nervous systems."
Acid_Secretion,"Explain the regulation of acid secretion in the stomach and its implications in hypersecretion."
Nutrient_Absorption,"Discuss the physiological processes involved in nutrient absorption, including macronutrients and vitamins."
Gut_Brain_Axis,"Describe the interaction between the digestive system and mental health via the gut-brain axis."
Liver_Metabolism,"Explain the liver's role in detoxification, carbohydrate, and lipid metabolism."
Blood_Brain_Barrier,"Discuss the protective function of the blood-brain barrier and its implications for drug delivery."
Synaptic_Plasticity,"Describe the mechanisms of synaptic plasticity and their role in learning and memory."
Reflex_Arcs,"Compare monosynaptic and polysynaptic reflex arcs and their physiological significance."
Pain_Modulation,"Explain the physiological pathways involved in pain modulation, including the role of endorphins."
Autonomic_Balance,"Discuss the role of sympathetic and parasympathetic dominance in maintaining homeostasis."
Muscle_Fatigue,"Describe the causes and physiological adaptations to muscle fatigue."
Bone_Remodeling,"Explain the processes of bone remodeling, focusing on osteoclasts, osteoblasts, and mechanical stress."
Joint_Stability,"Discuss the physiological factors contributing to joint stability and flexibility."
Motor_Unit,"Describe motor unit recruitment patterns for generating varying force levels."
Tendon_Elasticity,"Explain the role of tendon elasticity in movement efficiency and energy storage."
Inflammatory_Cascade,"Describe the steps and key mediators of the inflammatory cascade during acute inflammation."
Allergy_Mechanisms,"Discuss the mechanisms of allergic reactions, including the roles of IgE and mast cells."
Vaccination,"Explain how vaccination leads to the development of immunity through memory cells."
T_Cell_Functions,"Describe the functions of helper, cytotoxic, and regulatory T-cells in immune response."
Immune_Privilege,"Discuss the concept of immune privilege in areas like the brain and eyes."
Thermoregulation,"Explain the mechanisms of thermoregulation under extreme environmental conditions."
Exercise_Adaptation,"Describe long-term physiological adaptations to aerobic vs. anaerobic training."
Stress_Physiology,"Discuss acute and chronic stress responses and their systemic impacts."
Aging_Homeostasis,"Explain how physiological systems decline with aging and its effects on homeostasis."
Sleep_Stages,"Describe the role of different sleep stages in restoring body function."