Sentence,Label
"Blood buffers are critical for maintaining pH balance in the body.","Definition"
"The bicarbonate buffer system stabilizes pH by neutralizing excess acids or bases.","Explanation"
"If the blood becomes too acidic, bicarbonate ions bind with hydrogen ions to form carbonic acid.","Conditional"
"First, carbonic acid dissociates into carbon dioxide and water, which are exhaled.","Sequential"
"Unlike the bicarbonate system, the phosphate buffer system primarily acts in the kidneys.","Comparison"
"These systems help regulate blood pH within the narrow range of 7.35 to 7.45.","Emphasis"
"In contrast, protein buffers, such as hemoglobin, operate within cells and blood plasma.","Contrast"
"Additionally, buffers prevent drastic pH changes that could damage tissues and enzymes.","Addition"
"A major component of the bicarbonate system is the reversible reaction involving carbonic acid.","Elaboration"
"For example, hemoglobin binds to hydrogen ions, minimizing their impact on pH.","Illustration"
"Even under stress, blood buffers maintain homeostasis to support metabolic processes.","Concession"
"Generally, the body's buffer systems are robust and respond quickly to changes.","Generalization"
"From these mechanisms, it is inferred that buffers are essential for physiological stability.","Inference"
"In summary, blood buffers act as the first line of defense against pH imbalances.","Summary"
"When metabolic acidosis occurs, buffers help restore pH before renal compensation kicks in.","Problem Solution"
"Unlike respiratory compensation, buffer systems act almost instantaneously.","Contrastive Emphasis"
"The primary goal of buffers is to maintain a stable environment for cellular functions.","Purpose"
"This balance ensures that vital enzymatic reactions occur without disruption.","Clarification"
"Key systems include the bicarbonate, phosphate, and protein buffer systems.","Enumeration"
"Excess hydrogen ions lower pH, while buffers neutralize them to prevent harm.","Cause and Effect"
"As carbon dioxide levels rise, the bicarbonate buffer adjusts to counteract acidity.","Temporal Sequence"
"The bicarbonate system involves the equilibrium between carbonic acid and bicarbonate ions.","Definition"
"When blood becomes too alkaline, carbonic acid releases hydrogen ions to lower pH.","Conditional"
"Compared to other systems, the bicarbonate buffer is the most versatile in extracellular fluid.","Comparison"
"These processes highlight the importance of dynamic chemical equilibria in blood buffering.","Explanation"
"While effective, buffers alone cannot correct severe imbalances without physiological support.","Contrast"
"The presence of buffers minimizes fluctuations in blood pH caused by metabolic activity.","Causal"
"To illustrate, intense exercise generates lactic acid, which is neutralized by bicarbonate ions.","Illustration"
"Even small pH shifts can disrupt protein structure, making buffers vital.","Concession"
"Generally, the bicarbonate buffer's capacity is supported by respiratory and renal systems.","Generalization"
"From the interplay of these systems, it becomes clear that multiple mechanisms work together.","Inference"
"In summary, buffer systems are integral to maintaining physiological equilibrium.","Summary"
"When imbalances occur, such as respiratory acidosis, buffers immediately act to restore pH.","Problem Solution"
"Unlike passive diffusion, buffering involves active chemical reactions to maintain stability.","Contrastive Emphasis"
"The goal of these systems is to provide rapid responses to pH changes.","Purpose"
"This interplay between buffers and organ systems highlights their cooperative role.","Clarification"
"Major players include bicarbonate, phosphate, hemoglobin, and plasma proteins.","Enumeration"
"Increased carbon dioxide leads to acid formation, which buffers work to neutralize.","Cause and Effect"
"As metabolic activity increases, the demand on buffering systems rises accordingly.","Temporal Sequence"
"A buffer system is a chemical mechanism that resists pH changes.","Definition"
"When acidic compounds accumulate, buffers help by absorbing excess hydrogen ions.","Conditional"
"Compared to chemical buffers, physiological responses like respiration act more slowly.","Comparison"
"These processes emphasize the critical role of buffers in protecting cellular integrity.","Explanation"
"While buffers address immediate changes, long-term balance relies on renal adjustments.","Contrast"
"The efficiency of buffers prevents sudden pH spikes that could impair body functions.","Causal"
"To illustrate, phosphate buffers are particularly effective in the renal tubules.","Illustration"
"Even in extreme conditions, buffer systems provide an essential first response.","Concession"
"Generally, maintaining proper pH supports oxygen transport and enzyme activity.","Generalization"
"From the consistency in pH levels, it is evident that buffers are indispensable.","Inference"
"In summary, blood buffers are a cornerstone of acid-base homeostasis.","Summary"
"Blood buffers are essential for maintaining the pH balance in the human body.", "Definition"  
"The primary buffers in blood include bicarbonate, hemoglobin, and proteins.", "Enumeration"  
"If the pH level becomes too acidic or too alkaline, it can lead to serious health issues.", "Conditional"  
"Bicarbonate acts by neutralizing acids in the blood.", "Causal"  
"Proteins, such as albumin, also help buffer the blood by binding hydrogen ions.", "Sequential"  
"The bicarbonate buffer system works in conjunction with the respiratory system to regulate pH.", "Comparison"  
"Hemoglobin not only transports oxygen but also acts as a buffer by binding hydrogen ions.", "Contrast"  
"Maintaining pH balance is crucial for enzyme function and overall metabolic processes.", "Emphasis"  
"When carbon dioxide levels rise, it can lead to the formation of carbonic acid, which is neutralized by the bicarbonate buffer.", "Cause and Effect"  
"The kidneys play a role in maintaining pH by excreting excess acids or bases.", "Elaboration"  
"Without effective buffering, the body would be susceptible to acidosis or alkalosis.", "Illustration"  
"Despite the efficiency of blood buffers, they can be overwhelmed during conditions like severe acidosis.", "Concession"  
"Blood buffers work together to maintain a narrow pH range, essential for homeostasis.", "Generalization"  
"The ability of blood buffers to respond to pH changes is a key factor in human survival.", "Inference"  
"In summary, blood buffers are vital for sustaining the delicate pH balance necessary for life.", "Summary"  
"When physical activity increases, the production of lactic acid rises, which is counteracted by blood buffers.", "Problem Solution"  
"Blood buffers not only maintain pH but also prevent rapid fluctuations that could be harmful.", "Contrastive Emphasis"  
"The primary purpose of blood buffers is to ensure that pH levels remain stable.", "Purpose"  
"Blood buffers clarify the body's ability to resist pH changes by neutralizing acids and bases.", "Clarification"  
"Blood buffers operate through a series of reactions that neutralize acids and bases.", "Temporal Sequence"  
"Blood buffers are more effective in neutralizing strong acids compared to weak acids.", "Comparison"  
"Blood buffers can be temporarily depleted during intense exercise, leading to muscle fatigue.", "Cause and Effect"  
"Blood buffers work sequentially to maintain pH, with each buffer system addressing different pH challenges.", "Sequential"  
"Blood buffers are essential because even small changes in pH can lead to significant health problems.", "Explanation"  
"Blood buffers, such as hemoglobin, can bind excess hydrogen ions, preventing acidosis.", "Illustration"  
"Blood buffers are not only important in blood but also in other body fluids.", "Addition"  
"Blood buffers are a key part of the body's homeostatic mechanisms.", "Generalization"  
"Blood buffers can be overwhelmed by severe metabolic disturbances, leading to medical emergencies.", "Concession"  
"Blood buffers ensure that the pH of the blood remains within a narrow, healthy range.", "Emphasis"  
"The body maintains pH balance through specialized chemical systems called buffers.", "Definition"
"Rapid changes in blood pH trigger immediate buffering responses.", "Causal"
"If acid levels increase, buffer molecules release hydroxide ions.", "Conditional"
"First the buffer accepts excess hydrogen ions, then it releases them gradually, and finally pH stabilizes.", "Sequential"
"Bicarbonate buffers neutralize acids more effectively than phosphate buffers.", "Comparison"
"Proteins act as buffers by accepting or donating hydrogen ions through their side chains.", "Explanation"
"Blood has numerous mechanisms to resist pH changes, yet excessive acid can overwhelm these systems.", "Concession"
"Hemoglobin carries oxygen molecules and helps maintain acid-base balance.", "Addition"
"Above all, maintaining proper pH is crucial for enzyme function and cellular processes.", "Emphasis"
"The carbonic acid-bicarbonate system constantly adjusts to metabolic changes.", "Elaboration"
"Take exercise for instance - muscle activity produces acid that buffers must neutralize.", "Illustration"
"Most biological processes function optimally within narrow pH ranges.", "Generalization"
"Given these buffer activities, the blood pH rarely deviates from normal.", "Inference"
"Buffer systems work together to maintain blood pH between 7.35 and 7.45.", "Summary"
"To correct acidosis, the body increases breathing rate and bicarbonate production.", "Problem Solution"
"Not just chemical buffers, but also organs participate in pH regulation.", "Contrastive Emphasis"
"The kidneys excrete acid to restore normal blood pH levels.", "Purpose"
"Put differently, buffers prevent dangerous pH fluctuations.", "Clarification"
"Blood contains carbonic acid, bicarbonate ions, proteins, and phosphate buffers.", "Enumeration"
"Excessive acid production overwhelms buffer capacity and decreases blood pH.", "Cause and Effect"
"As metabolism increases, more buffers activate to maintain pH balance.", "Temporal Sequence"
"The lungs remove acid by exhaling more carbon dioxide.", "Explanation"
"Strong acids get neutralized before weak acids in the bloodstream.", "Sequential"
"Each buffer system has a specific pH range where it works best.", "Definition"
"The liver produces proteins that serve as additional buffer molecules.", "Purpose"
"Carbonic acid breaks down into bicarbonate and hydrogen ions.", "Causal"
"Small pH changes trigger large shifts in buffer activity.", "Conditional"
"Different organs respond uniquely to acid-base imbalances.", "Comparison"
"Buffer depletion results in severe metabolic disturbances.", "Cause and Effect"
"The body constantly monitors and adjusts its buffer systems.", "Elaboration"
"The body maintains pH balance through specialized chemical systems called buffers.", "Definition"
"Rapid changes in blood pH trigger immediate buffering responses.", "Causal"
"If acid levels increase, buffer molecules release hydroxide ions.", "Conditional"
"First the buffer accepts excess hydrogen ions, then it releases them gradually, and finally pH stabilizes.", "Sequential"
"Bicarbonate buffers neutralize acids more effectively than phosphate buffers.", "Comparison"
"Proteins act as buffers by accepting or donating hydrogen ions through their side chains.", "Explanation"
"Blood has numerous mechanisms to resist pH changes, yet excessive acid can overwhelm these systems.", "Concession"
"Hemoglobin carries oxygen molecules and helps maintain acid-base balance.", "Addition"
"Above all, maintaining proper pH is crucial for enzyme function and cellular processes.", "Emphasis"
"The carbonic acid-bicarbonate system constantly adjusts to metabolic changes.", "Elaboration"
"Take exercise for instance - muscle activity produces acid that buffers must neutralize.", "Illustration"
"Most biological processes function optimally within narrow pH ranges.", "Generalization"
"Given these buffer activities, the blood pH rarely deviates from normal.", "Inference"
"Buffer systems work together to maintain blood pH between 7.35 and 7.45.", "Summary"
"To correct acidosis, the body increases breathing rate and bicarbonate production.", "Problem Solution"
"Not just chemical buffers, but also organs participate in pH regulation.", "Contrastive Emphasis"
"The kidneys excrete acid to restore normal blood pH levels.", "Purpose"
"Put differently, buffers prevent dangerous pH fluctuations.", "Clarification"
"Blood contains carbonic acid, bicarbonate ions, proteins, and phosphate buffers.", "Enumeration"
"Excessive acid production overwhelms buffer capacity and decreases blood pH.", "Cause and Effect"
"As metabolism increases, more buffers activate to maintain pH balance.", "Temporal Sequence"
"The lungs remove acid by exhaling more carbon dioxide.", "Explanation"
"Strong acids get neutralized before weak acids in the bloodstream.", "Sequential"
"Each buffer system has a specific pH range where it works best.", "Definition"
"The liver produces proteins that serve as additional buffer molecules.", "Purpose"
"Carbonic acid breaks down into bicarbonate and hydrogen ions.", "Causal"
"Small pH changes trigger large shifts in buffer activity.", "Conditional"
"Different organs respond uniquely to acid-base imbalances.", "Comparison"
"Buffer depletion results in severe metabolic disturbances.", "Cause and Effect"
"The body constantly monitors and adjusts its buffer systems.", "Elaboration"