Text,Question,Option A,Option B,Option C,Option D,Answer
"The human mouth contains four types of teeth: incisors, canines, premolars, and molars, each serving a distinct function in food processing.","How many types of teeth are there in the human mouth?","Four types","Three types","Five types","Two types","Four types"
"Incisors are sharp, flat teeth located at the front of the mouth, responsible for cutting food.","What is the primary function of incisors?","Cutting food","Tearing food","Grinding food","Crushing food","Cutting food"
"Canines, or cuspids, are pointed teeth located next to the incisors, used for tearing food.","What is the function of canines?","Tearing food","Cutting food","Grinding food","Crushing food","Tearing food"
"Premolars are flat-topped teeth located behind the canines, used for grinding and crushing food.","What is the function of premolars?","Grinding and crushing food","Cutting food","Tearing food","Sensing food","Grinding and crushing food"
"Molars are larger teeth at the back of the mouth, responsible for grinding food into smaller particles to aid in digestion.","What is the function of molars?","Grinding food into smaller particles","Cutting food","Tearing food","Sensing food","Grinding food into smaller particles"
"Human teeth are made of enamel, the hardest substance in the body, which protects them from damage during chewing.","What protects human teeth from damage during chewing?","Enamel","Pulp","Cementum","Dentin","Enamel"
"The pulp of a tooth contains blood vessels and nerves, providing nutrients and sensation to the tooth.","What does the pulp of a tooth contain?","Blood vessels and nerves","Enamel and dentin","Cementum and pulp","Teeth and roots","Blood vessels and nerves"
"Teeth are anchored in the jaw by the roots, which are covered by cementum, a specialized tissue.","What covers the roots of teeth?","Cementum","Enamel","Dentin","Pulp","Cementum"
"Primary teeth, also known as baby teeth, begin to emerge at around six months of age and are eventually replaced by permanent teeth.","What are primary teeth also called?","Baby teeth","Adult teeth","Molars","Wisdom teeth","Baby teeth"
"Permanent teeth typically begin to emerge around the age of six and are meant to last for the rest of a personâ€™s life.","At what age do permanent teeth typically begin to emerge?","Around the age of six","Around the age of two","Around the age of ten","Around the age of twelve","Around the age of six"
"The eruption pattern of teeth follows a general sequence, with incisors emerging first, followed by canines, premolars, and finally molars.","Which teeth emerge first in the eruption pattern?","Incisors","Molars","Premolars","Canines","Incisors"
"The dental formula for adult humans consists of 32 teeth, including the third molars, or wisdom teeth.","How many teeth do adult humans have?","32 teeth","30 teeth","28 teeth","34 teeth","32 teeth"
"Tooth decay occurs when bacteria in the mouth produce acids that break down tooth enamel, leading to cavities.","What causes tooth decay?","Bacteria producing acids","Eating too much food","Brushing too hard","Not flossing enough","Bacteria producing acids"
"Brushing and flossing regularly, along with professional dental checkups, are essential for maintaining healthy teeth and gums.","What is essential for maintaining healthy teeth and gums?","Brushing, flossing, and dental checkups","Eating sugary foods","Drinking soda regularly","Avoiding water intake","Brushing, flossing, and dental checkups"
"Root canals are sometimes necessary when the pulp of a tooth becomes infected or inflamed.","When are root canals necessary?","When the pulp is infected or inflamed","When the enamel is worn down","When the tooth is chipped","When the tooth is loose","When the pulp is infected or inflamed"
"Dentists use fillings, crowns, and other restorative procedures to repair and maintain damaged teeth.","What do dentists use to repair and maintain damaged teeth?","Fillings, crowns, and restorative procedures","Braces and retainers","Teeth whitening","Toothpaste","Fillings, crowns, and restorative procedures"
"Teeth not only help with food processing but also play an important role in speech and facial appearance.","What roles do teeth play besides food processing?","Speech and facial appearance","Only speech","Only facial appearance","Only food processing","Speech and facial appearance"
"Orthodontic treatment, such as braces, is used to correct misaligned teeth and improve both function and appearance.","What is orthodontic treatment used for?","Correcting misaligned teeth","Preventing tooth decay","Whitening teeth","Strengthening enamel","Correcting misaligned teeth"
"Tooth sensitivity can occur when enamel wears down, exposing the underlying dentin, leading to pain or discomfort.","What causes tooth sensitivity?","Worn down enamel exposing dentin","Too much toothpaste","Bacterial infections","Fluoride exposure","Worn down enamel exposing dentin"
"Teeth can be affected by various conditions such as gum disease, which can lead to tooth loss if not treated promptly.","What condition can lead to tooth loss if not treated promptly?","Gum disease","Cavities","Enamel wear","Tooth sensitivity","Gum disease"
"Fluoride helps to strengthen enamel and prevent tooth decay, which is why it is often added to drinking water and toothpaste.","What does fluoride help with?","Strengthening enamel and preventing tooth decay","Whitening teeth","Reducing tooth sensitivity","Reducing cavities","Strengthening enamel and preventing tooth decay"
"Healthy teeth contribute to overall well-being, as dental issues can affect eating, speaking, and self-esteem.","What can dental issues affect?","Eating, speaking, and self-esteem","Only eating","Only speaking","Only self-esteem","Eating, speaking, and self-esteem"
"Teeth undergo constant wear and tear throughout life, but they can be protected by maintaining good oral hygiene practices.","How can teeth be protected from wear and tear?","By maintaining good oral hygiene practices","By eating less food","By avoiding fluoride","By only using mouthwash","By maintaining good oral hygiene practices"
"Cosmetic dentistry offers solutions such as teeth whitening, veneers, and bonding to improve the appearance of teeth.","What does cosmetic dentistry offer?","Teeth whitening, veneers, and bonding","Fillings and root canals","Tooth extractions","Tooth sensitivity treatments","Teeth whitening, veneers, and bonding"
"The structure of a tooth includes the crown, neck, and root, each serving a specific function in tooth health and function.","What are the main parts of a tooth?","Crown, neck, and root","Enamel and pulp","Dentin and cementum","Teeth and gums","Crown, neck, and root"
"Teeth are subject to wear from biting, grinding, and chewing, which is why regular care and attention are needed to prevent damage.","Why is regular care needed for teeth?","To prevent damage from wear during biting, grinding, and chewing","To improve tooth color","To make teeth stronger","To make teeth more sensitive","To prevent damage from wear during biting, grinding, and chewing"
"Bruxism, or teeth grinding, is a common condition that can lead to tooth wear and jaw pain if not managed properly.","What is bruxism?","Teeth grinding","Tooth sensitivity","Tooth decay","Enamel erosion","Teeth grinding"
"Dental professionals often use X-rays to assess the health of teeth and detect issues such as cavities or impacted wisdom teeth.","What do dental professionals use X-rays for?","To assess the health of teeth and detect issues","To whiten teeth","To clean teeth","To straighten teeth","To assess the health of teeth and detect issues"
"The wisdom teeth, or third molars, are the last teeth to emerge and often cause issues such as impaction or misalignment.","What issues can wisdom teeth cause?","Impaction or misalignment","Enamel wear","Tooth decay","Sensitivity","Impaction or misalignment"
"Maintaining a balanced diet and avoiding sugary foods can help protect teeth from decay and maintain good oral health.","What helps protect teeth from decay?","A balanced diet and avoiding sugary foods","Eating sugary foods","Brushing teeth too often","Skipping dental checkups","A balanced diet and avoiding sugary foods"
